service_name,postcode,contact_details,text_summary
Community Tech Hub,NE1,0191 4001234,"At the Community Tech Hub, we provide a welcoming environment where individuals can develop their digital skills at their own pace. Whether it's learning how to use a smartphone, navigating online banking, or building a CV, our team of dedicated volunteers is here to support. We also run workshops on internet safety, job searching, and digital creativity, ensuring everyone has the opportunity to fully participate in today's connected world."
Cyber Seniors,NE2,0191 4123456,"Cyber Seniors is a friendly and engaging initiative aimed at helping older adults gain confidence with technology. Our volunteers offer patient, one-on-one guidance on everything from setting up emails to making video calls with loved ones. We also host weekly group sessions where participants can explore topics like online shopping, scam awareness, and digital entertainment in a relaxed setting."
Digital Horizons,TS1,01642 654321,"Digital Horizons is committed to expanding digital literacy through hands-on learning. We offer courses tailored for all experience levels, from complete beginners to those wanting to enhance their career prospects. Topics include using essential software, accessing public services online, and even an introduction to digital design and coding. Our aim is to ensure everyone can harness the power of technology."
Neighbourhood Connect,DH1,contact@neighbourconnect.org,"Neighbourhood Connect is all about using technology to build stronger communities. We provide one-on-one mentoring and group workshops that help people use the internet for daily tasks such as booking medical appointments, managing benefits, and staying in touch with family. Our volunteers are passionate about reducing digital exclusion and making sure everyone has the tools they need to thrive online."
Bridges to Inclusion,NE3,0191 4234567,"Bridges to Inclusion is dedicated to helping people from marginalized backgrounds access and use technology effectively. We work closely with individuals who may face barriers such as disabilities, financial difficulties, or language challenges, offering tailored digital skills training. Our support includes guidance on assistive technology, affordable connectivity options, and digital independence coaching."
Online Together,TS2,01642 765432,"At Online Together, we build a supportive online community by offering training sessions on internet safety, basic computer use, and social media navigation. Our aim is to help community members connect and share experiences in the digital realm. Our team provides personalized support, group workshops, and hands-on learning opportunities to ensure that everyone can access and benefit from digital tools in their daily lives. We believe in making technology work for people of all backgrounds, empowering them to stay connected, find new opportunities, and gain confidence online."
Tech for All,NE4,techforall@volunteer.org,"Tech for All is your go-to centre for digital empowerment. We offer accessible computer training, troubleshooting support, and workshops specifically designed for beginners to enhance digital confidence and everyday tech use. Our team provides personalized support, group workshops, and hands-on learning opportunities to ensure that everyone can access and benefit from digital tools in their daily lives. We believe in making technology work for people of all backgrounds, empowering them to stay connected, find new opportunities, and gain confidence online."
Cyber Companions,NE5,0191 4356789,"Cyber Companions pairs tech-savvy volunteers with individuals seeking one-on-one digital support. Our friendly advisors assist with device setup, email configuration, and navigating online services so you can enjoy a seamless digital experience. Our team provides personalized support, group workshops, and hands-on learning opportunities to ensure that everyone can access and benefit from digital tools in their daily lives. We believe in making technology work for people of all backgrounds, empowering them to stay connected, find new opportunities, and gain confidence online."
Friendly Faces IT,NE6,contact@friendlyfacesit.org,"Friendly Faces IT provides informal drop-in sessions where community members can get help with everyday technology challenges. Our relaxed, supportive environment is designed to build confidence and foster independent digital use. Our team provides personalized support, group workshops, and hands-on learning opportunities to ensure that everyone can access and benefit from digital tools in their daily lives. We believe in making technology work for people of all backgrounds, empowering them to stay connected, find new opportunities, and gain confidence online."
Digital Navigators,NE7,0191 4478901,"Digital Navigators is committed to guiding local residents through the ever-changing digital landscape. We offer tailored advice on using software, exploring online services, and keeping safe in an increasingly connected world. Our team provides personalized support, group workshops, and hands-on learning opportunities to ensure that everyone can access and benefit from digital tools in their daily lives. We believe in making technology work for people of all backgrounds, empowering them to stay connected, find new opportunities, and gain confidence online."
The Digital Wellbeing Project,NE8,wellbeing@digiproject.org,"The Digital Wellbeing Project promotes a balanced lifestyle by encouraging mindful use of technology. We offer workshops on managing screen time, understanding online etiquette, and ensuring that digital life complements overall wellbeing. Our team provides personalized support, group workshops, and hands-on learning opportunities to ensure that everyone can access and benefit from digital tools in their daily lives. We believe in making technology work for people of all backgrounds, empowering them to stay connected, find new opportunities, and gain confidence online."
Golden Tech Circle,NE9,01642 876543,"Golden Tech Circle is designed for seniors who wish to embrace modern technology at their own pace. Our friendly sessions cover digital communication basics, online security, and using smart devices to stay connected with family and friends. Our team provides personalized support, group workshops, and hands-on learning opportunities to ensure that everyone can access and benefit from digital tools in their daily lives. We believe in making technology work for people of all backgrounds, empowering them to stay connected, find new opportunities, and gain confidence online."
Skills for Life Hub,NE10,info@skillsforlife.org,"Skills for Life Hub integrates digital learning with practical employability support. Our workshops cover everything from online job applications to managing personal finances digitally, empowering you with essential 21st-century skills. Our team provides personalized support, group workshops, and hands-on learning opportunities to ensure that everyone can access and benefit from digital tools in their daily lives. We believe in making technology work for people of all backgrounds, empowering them to stay connected, find new opportunities, and gain confidence online."
Connected Generations,NE11,contact@connectedgens.org,"Connected Generations brings together youth and seniors for shared learning experiences. Through intergenerational workshops, we foster mutual support in mastering both traditional and digital skills, bridging the gap between generations. Our team provides personalized support, group workshops, and hands-on learning opportunities to ensure that everyone can access and benefit from digital tools in their daily lives. We believe in making technology work for people of all backgrounds, empowering them to stay connected, find new opportunities, and gain confidence online."
Digital Discovery Club,TS3,0191 4590123,"Digital Discovery Club offers a relaxed environment to explore new digital trends and tools. Our sessions provide hands-on learning opportunities for using the internet, social media platforms, and creative digital tools in a fun, exploratory setting. Our team provides personalized support, group workshops, and hands-on learning opportunities to ensure that everyone can access and benefit from digital tools in their daily lives. We believe in making technology work for people of all backgrounds, empowering them to stay connected, find new opportunities, and gain confidence online."
The Learning Link,DH2,learninglink@volunteers.org,"The Learning Link focuses on building essential digital skills for career and personal growth. We provide practical workshops on resume building, online job searching, and leveraging digital platforms to enhance your opportunities. Our team provides personalized support, group workshops, and hands-on learning opportunities to ensure that everyone can access and benefit from digital tools in their daily lives. We believe in making technology work for people of all backgrounds, empowering them to stay connected, find new opportunities, and gain confidence online."
Tech Tinkerers,TS4,01642 987654,"Tech Tinkerers invites curious minds to explore the world of technology. From introductory coding sessions to troubleshooting everyday gadgets, our fun and engaging workshops encourage innovation and hands-on learning. Our team provides personalized support, group workshops, and hands-on learning opportunities to ensure that everyone can access and benefit from digital tools in their daily lives. We believe in making technology work for people of all backgrounds, empowering them to stay connected, find new opportunities, and gain confidence online."
Click & Connect,NE12,clickconnect@community.org,"Click & Connect offers a blend of social meet-ups and occasional digital skills sessions. Primarily a community hub, we also help members learn to use digital communication tools, fostering both in-person and online connections. Our team provides personalized support, group workshops, and hands-on learning opportunities to ensure that everyone can access and benefit from digital tools in their daily lives. We believe in making technology work for people of all backgrounds, empowering them to stay connected, find new opportunities, and gain confidence online."
Supportive Screens,TS5,0191 4623457,"Supportive Screens provides one-on-one IT assistance in a friendly setting. Our volunteer experts offer help with device setup, software troubleshooting, and navigating online services to ensure you get the most out of your technology. Our team provides personalized support, group workshops, and hands-on learning opportunities to ensure that everyone can access and benefit from digital tools in their daily lives. We believe in making technology work for people of all backgrounds, empowering them to stay connected, find new opportunities, and gain confidence online."
The Digital Library,TS6,library@digitalhub.org,"The Digital Library is more than a book lending service—it’s a digital resource centre offering computer access, online educational content, and guidance on using digital archives to enrich your learning experience. Our team provides personalized support, group workshops, and hands-on learning opportunities to ensure that everyone can access and benefit from digital tools in their daily lives. We believe in making technology work for people of all backgrounds, empowering them to stay connected, find new opportunities, and gain confidence online."
Community Coding Corner,TS7,code@communitycorner.org,"Community Coding Corner offers coding workshops for beginners and tech enthusiasts alike. Learn the basics of programming in a collaborative, supportive environment that sparks creativity and technical curiosity. Our team provides personalized support, group workshops, and hands-on learning opportunities to ensure that everyone can access and benefit from digital tools in their daily lives. We believe in making technology work for people of all backgrounds, empowering them to stay connected, find new opportunities, and gain confidence online."
The Online Café,NE13,cafe@onlinecommunity.org,"The Online Café is a relaxed social hub where members enjoy coffee, conversation, and the occasional digital workshop. Our space is designed to foster community spirit, with digital support available when needed. Our team provides personalized support, group workshops, and hands-on learning opportunities to ensure that everyone can access and benefit from digital tools in their daily lives. We believe in making technology work for people of all backgrounds, empowering them to stay connected, find new opportunities, and gain confidence online."
Virtual Ventures,TS8,ventures@digitalentrepreneurs.org,"Virtual Ventures focuses on digital entrepreneurship and online business skills. Our sessions cover social media marketing, e-commerce fundamentals, and digital branding designed to boost local enterprise. Our team provides personalized support, group workshops, and hands-on learning opportunities to ensure that everyone can access and benefit from digital tools in their daily lives. We believe in making technology work for people of all backgrounds, empowering them to stay connected, find new opportunities, and gain confidence online."
The IT Helpdesk,NE14,helpdesk@itsupport.org,"The IT Helpdesk provides quick, friendly assistance for everyday technology issues. Whether you need help setting up a new device or troubleshooting software glitches, our team is here to support you. Our team provides personalized support, group workshops, and hands-on learning opportunities to ensure that everyone can access and benefit from digital tools in their daily lives. We believe in making technology work for people of all backgrounds, empowering them to stay connected, find new opportunities, and gain confidence online."
Web Wise,TS9,contact@webwise.org,"Web Wise is dedicated to improving digital literacy through practical workshops on internet research, online safety, and effective digital communication. Join us to boost your confidence and competence online. Our team provides personalized support, group workshops, and hands-on learning opportunities to ensure that everyone can access and benefit from digital tools in their daily lives. We believe in making technology work for people of all backgrounds, empowering them to stay connected, find new opportunities, and gain confidence online."
DigiKnow,TS10,info@digiknow.org,"DigiKnow offers structured digital literacy classes covering a range of topics from basic computer use to advanced online skills. Our friendly instructors ensure every participant learns at a comfortable pace. Our team provides personalized support, group workshops, and hands-on learning opportunities to ensure that everyone can access and benefit from digital tools in their daily lives. We believe in making technology work for people of all backgrounds, empowering them to stay connected, find new opportunities, and gain confidence online."
Digital Lifeline,TS11,lifeline@support.org,"Digital Lifeline is committed to providing emergency IT support and essential digital resources for those in need. Our rapid-response help and training sessions ensure you remain connected during challenging times. Our team provides personalized support, group workshops, and hands-on learning opportunities to ensure that everyone can access and benefit from digital tools in their daily lives. We believe in making technology work for people of all backgrounds, empowering them to stay connected, find new opportunities, and gain confidence online."
Friendly Tech Tutors,TS12,tech.tutors@community.org,"Friendly Tech Tutors pairs community volunteers with individuals who need personalized guidance on using digital devices. Our one-on-one tutoring sessions are tailored to your needs, ensuring a comfortable learning pace. Our team provides personalized support, group workshops, and hands-on learning opportunities to ensure that everyone can access and benefit from digital tools in their daily lives. We believe in making technology work for people of all backgrounds, empowering them to stay connected, find new opportunities, and gain confidence online."
The Digital Empowerment Hub,TS13,empower@digihub.org,"The Digital Empowerment Hub is a comprehensive centre for digital learning. We offer a range of courses, personal support sessions, and community events designed to make technology accessible and empowering for everyone. Our team provides personalized support, group workshops, and hands-on learning opportunities to ensure that everyone can access and benefit from digital tools in their daily lives. We believe in making technology work for people of all backgrounds, empowering them to stay connected, find new opportunities, and gain confidence online."
Smart Steps,TS14,smartsteps@localhelp.org,"Smart Steps provides practical guidance on using technology to enhance everyday living. Our workshops cover topics such as online banking, digital communication, and accessing government services, ensuring you can navigate modern life with ease. Our team provides personalized support, group workshops, and hands-on learning opportunities to ensure that everyone can access and benefit from digital tools in their daily lives. We believe in making technology work for people of all backgrounds, empowering them to stay connected, find new opportunities, and gain confidence online."
Connected Futures,TS15,contact@connectedfutures.org,"Connected Futures focuses on building digital skills to improve employability. Our courses include resume development, digital job search strategies, and training on essential workplace software to prepare you for future opportunities. Our team provides personalized support, group workshops, and hands-on learning opportunities to ensure that everyone can access and benefit from digital tools in their daily lives. We believe in making technology work for people of all backgrounds, empowering them to stay connected, find new opportunities, and gain confidence online."
Digital Independence,TS16,independence@digital.org,"Digital Independence empowers individuals to take charge of their online experience. We offer sessions on navigating the internet safely, setting up personal devices, and exploring digital creativity to foster self-reliance. Our team provides personalized support, group workshops, and hands-on learning opportunities to ensure that everyone can access and benefit from digital tools in their daily lives. We believe in making technology work for people of all backgrounds, empowering them to stay connected, find new opportunities, and gain confidence online."
Tech Savvy Seniors,TS17,seniors@techsavvy.org,"Tech Savvy Seniors is tailored for older adults who want to embrace modern technology. Our gentle, supportive workshops cover smartphones, tablets, and internet basics in a friendly, easy-to-follow format. Our team provides personalized support, group workshops, and hands-on learning opportunities to ensure that everyone can access and benefit from digital tools in their daily lives. We believe in making technology work for people of all backgrounds, empowering them to stay connected, find new opportunities, and gain confidence online."
Bright Futures Digital,TS18,bright@futuresdigital.org,"Bright Futures Digital is aimed at young people eager to enhance their digital skills. Our dynamic courses cover digital creativity, introductory coding, and safe online practices to help you build a bright future. Our team provides personalized support, group workshops, and hands-on learning opportunities to ensure that everyone can access and benefit from digital tools in their daily lives. We believe in making technology work for people of all backgrounds, empowering them to stay connected, find new opportunities, and gain confidence online."
Skills Share Hub,TS19,sharehub@community.org,"Skills Share Hub combines digital training with practical employability support. Our sessions help you develop essential IT skills alongside advice on resume writing, interview preparation, and effective job searching. Our team provides personalized support, group workshops, and hands-on learning opportunities to ensure that everyone can access and benefit from digital tools in their daily lives. We believe in making technology work for people of all backgrounds, empowering them to stay connected, find new opportunities, and gain confidence online."
The Social Media Cafe,TS20,social@mediacafe.org,"The Social Media Cafe is a relaxed space where community members gather to enjoy refreshments and share tips on using social media effectively. Alongside social meet-ups, we occasionally offer digital workshops to enhance your online presence. Our team provides personalized support, group workshops, and hands-on learning opportunities to ensure that everyone can access and benefit from digital tools in their daily lives. We believe in making technology work for people of all backgrounds, empowering them to stay connected, find new opportunities, and gain confidence online."
Inclusive IT Club,CA1,info@inclusivit.org,"Inclusive IT Club welcomes everyone to explore digital technology in a supportive group setting. Our regular meet-ups and hands-on workshops cover computers, smartphones, and online communication in an inclusive environment. Our team provides personalized support, group workshops, and hands-on learning opportunities to ensure that everyone can access and benefit from digital tools in their daily lives. We believe in making technology work for people of all backgrounds, empowering them to stay connected, find new opportunities, and gain confidence online."
Connect & Learn,CA2,connect@learn.org,"Connect & Learn is an initiative focused on fostering digital skills through community classes and peer-to-peer support. We strive to make technology accessible and enjoyable, ensuring everyone can join in the learning journey. Our team provides personalized support, group workshops, and hands-on learning opportunities to ensure that everyone can access and benefit from digital tools in their daily lives. We believe in making technology work for people of all backgrounds, empowering them to stay connected, find new opportunities, and gain confidence online."
Code Together,CA3,code@together.org,"Code Together offers collaborative coding workshops designed for beginners and hobbyists. Our sessions encourage creative problem-solving and teamwork in a fun, supportive atmosphere where everyone can learn to code. Our team provides personalized support, group workshops, and hands-on learning opportunities to ensure that everyone can access and benefit from digital tools in their daily lives. We believe in making technology work for people of all backgrounds, empowering them to stay connected, find new opportunities, and gain confidence online."
Digital Inclusion Network,CA4,network@digitalinclusion.org,"Digital Inclusion Network is a collaborative platform for community organisations to share best practices in digital empowerment. We organise regular meetings and training sessions to enhance digital access across our region. Our team provides personalized support, group workshops, and hands-on learning opportunities to ensure that everyone can access and benefit from digital tools in their daily lives. We believe in making technology work for people of all backgrounds, empowering them to stay connected, find new opportunities, and gain confidence online."
The IT Bridge,CA5,bridge@ithelp.org,"The IT Bridge connects those in need of digital support with experienced volunteers. Our one-on-one help sessions and practical workshops are designed to build your digital confidence and ensure you feel secure online. Our team provides personalized support, group workshops, and hands-on learning opportunities to ensure that everyone can access and benefit from digital tools in their daily lives. We believe in making technology work for people of all backgrounds, empowering them to stay connected, find new opportunities, and gain confidence online."
Pathway to Digital,CA6,info@pathwaydigital.org,"Pathway to Digital is dedicated to easing your transition into the digital age. We offer step-by-step guidance on everyday tasks—from online shopping to managing appointments—helping you navigate modern technology with confidence. Our team provides personalized support, group workshops, and hands-on learning opportunities to ensure that everyone can access and benefit from digital tools in their daily lives. We believe in making technology work for people of all backgrounds, empowering them to stay connected, find new opportunities, and gain confidence online."
IT Buddies,CA7,buddies@it.org,"IT Buddies pairs friendly tech enthusiasts with community members seeking digital advice. Our informal sessions focus on practical solutions for common technology challenges, ensuring you never feel left behind in the digital world. Our team provides personalized support, group workshops, and hands-on learning opportunities to ensure that everyone can access and benefit from digital tools in their daily lives. We believe in making technology work for people of all backgrounds, empowering them to stay connected, find new opportunities, and gain confidence online."
Virtual Learning Hub,CA8,learn@virtualhub.org,"Virtual Learning Hub offers an online platform for digital courses and webinars, complemented by face-to-face sessions. Our comprehensive program caters to all skill levels, making learning accessible and convenient. Our team provides personalized support, group workshops, and hands-on learning opportunities to ensure that everyone can access and benefit from digital tools in their daily lives. We believe in making technology work for people of all backgrounds, empowering them to stay connected, find new opportunities, and gain confidence online."
The Tech Support Network,CA9,support@technetwork.org,"The Tech Support Network provides community-based technical assistance. Whether you need help with a computer issue or understanding digital applications, our dedicated team is ready to provide practical support. Our team provides personalized support, group workshops, and hands-on learning opportunities to ensure that everyone can access and benefit from digital tools in their daily lives. We believe in making technology work for people of all backgrounds, empowering them to stay connected, find new opportunities, and gain confidence online."
Digital Skills Exchange,CA10,exchange@digitalskills.org,"Digital Skills Exchange is a peer-led initiative where community members share knowledge about technology. Our collaborative sessions range from basic digital literacy to advanced tech tips, promoting a culture of continuous learning. Our team provides personalized support, group workshops, and hands-on learning opportunities to ensure that everyone can access and benefit from digital tools in their daily lives. We believe in making technology work for people of all backgrounds, empowering them to stay connected, find new opportunities, and gain confidence online."
Access IT,CA11,access@ithelp.org,"Access IT is committed to ensuring everyone has the opportunity to engage with digital technology. We offer accessible training sessions and one-on-one support in a friendly environment to help you connect with the digital world. Our team provides personalized support, group workshops, and hands-on learning opportunities to ensure that everyone can access and benefit from digital tools in their daily lives. We believe in making technology work for people of all backgrounds, empowering them to stay connected, find new opportunities, and gain confidence online."
North East Tech Aid,DH3,aid@ne-tech.org,"North East Tech Aid offers targeted digital support services across the region. From troubleshooting to comprehensive training sessions, we’re here to help residents navigate modern technology and overcome digital challenges. Our team provides personalized support, group workshops, and hands-on learning opportunities to ensure that everyone can access and benefit from digital tools in their daily lives. We believe in making technology work for people of all backgrounds, empowering them to stay connected, find new opportunities, and gain confidence online."
Cumbria Digital Connect,CA12,connect@cumbria.org,"Cumbria Digital Connect brings digital opportunities to rural areas of North Cumbria. Our mobile workshops, online resources, and community meet-ups work together to bridge the digital divide in less densely populated areas. Our team provides personalized support, group workshops, and hands-on learning opportunities to ensure that everyone can access and benefit from digital tools in their daily lives. We believe in making technology work for people of all backgrounds, empowering them to stay connected, find new opportunities, and gain confidence online."
IT Confidence Boost,CA13,boost@itconfidence.org,"IT Confidence Boost is designed to help individuals overcome technology anxiety. Our supportive sessions focus on building practical digital skills and boosting your confidence in using modern tech for everyday tasks. Our team provides personalized support, group workshops, and hands-on learning opportunities to ensure that everyone can access and benefit from digital tools in their daily lives. We believe in making technology work for people of all backgrounds, empowering them to stay connected, find new opportunities, and gain confidence online."
